{
  "overall": {
    "top1_accuracy": 0.8507936507936508,
    "top5_accuracy": 0.9873015873015873,
    "mean_confidence": 0.9111731052398682
  },
  "per_class": {
    "Chair": {
      "samples": 45,
      "accuracy": 0.8444444444444444,
      "precision": 0.8260869565217391,
      "recall": 0.8444444444444444,
      "f1_score": 0.8351648351648352
    },
    "Computer keyboard": {
      "samples": 46,
      "accuracy": 0.6956521739130435,
      "precision": 0.8,
      "recall": 0.6956521739130435,
      "f1_score": 0.7441860465116279
    },
    "Computer mouse": {
      "samples": 45,
      "accuracy": 0.9111111111111111,
      "precision": 0.803921568627451,
      "recall": 0.9111111111111111,
      "f1_score": 0.8541666666666666
    },
    "Headphones": {
      "samples": 45,
      "accuracy": 0.8,
      "precision": 0.8780487804878049,
      "recall": 0.8,
      "f1_score": 0.8372093023255814
    },
    "Microphone": {
      "samples": 43,
      "accuracy": 0.8837209302325582,
      "precision": 0.8636363636363636,
      "recall": 0.8837209302325582,
      "f1_score": 0.8735632183908046
    },
    "Mobile phone": {
      "samples": 46,
      "accuracy": 0.9130434782608695,
      "precision": 0.8936170212765957,
      "recall": 0.9130434782608695,
      "f1_score": 0.9032258064516129
    },
    "Pen": {
      "samples": 45,
      "accuracy": 0.9111111111111111,
      "precision": 0.8913043478260869,
      "recall": 0.9111111111111111,
      "f1_score": 0.9010989010989011
    }
  }
}